player_id,player_name,avg_gold_share,num_games,win_percent,team_id
1,Gamsu,0.20040494674545453,55.0,0.5636363636363636,0
2,Spirit,0.17820833187686555,268.0,0.5261194029850746,12
3,Febiven,0.23901005404741377,232.0,0.5129310344827587,48
4,Rekkles,0.26689425833333347,327.0,0.599388379204893,0
5,Noxiak,0.11656903534883718,43.0,0.3488372093023256,118
6,Soaz,0.20554542506578946,76.0,0.5526315789473685,0
7,Amazing,0.1749961715599999,150.0,0.44,154
8,PowerOfEvil,0.2452546171762294,244.0,0.47540983606557374,29
9,Zven,0.2566314697767297,318.0,0.610062893081761,28
10,Mithy,0.10651626090952389,210.0,0.5666666666666667,1
11,Steve,0.2186373736721312,61.0,0.36065573770491804,111
12,Gilius,0.17105710563888898,144.0,0.5069444444444444,8
13,Eika,0.23956318200000004,24.0,0.3333333333333333,49
14,MrRalleZ,0.24102629025609748,82.0,0.45121951219512196,127
15,sprattel,0.11630804920183485,109.0,0.3577981651376147,111
16,Kikis,0.20324223251724127,145.0,0.5103448275862069,186
17,Trick,0.18184401081506849,292.0,0.571917808219178,52
18,PerkZ,0.2379092389058824,85.0,0.7058823529411765,3
19,Emperor,0.23974779555882353,34.0,0.6764705882352942,14
20,Hybrid,0.11652488519354841,62.0,0.532258064516129,1
21,Odoamne,0.21314570005594402,286.0,0.5804195804195804,52
22,Jankos,0.17760908385000002,340.0,0.6294117647058823,3
23,Ryu,0.23229543157664242,274.0,0.5547445255474452,154
24,FORG1VENGRE,0.25710829057142853,28.0,0.6428571428571429,4
25,Vander,0.11053378474654377,217.0,0.5483870967741935,186
26,Atom,0.20893249999999994,42.0,0.42857142857142855,107
27,k0u,0.18472012039506172,81.0,0.345679012345679,108
28,xPePii,0.25842442316666664,18.0,0.16666666666666666,5
29,Adryh,0.2351257726428572,14.0,0.14285714285714285,5
30,G0DFRED,0.10304629806250001,16.0,0.125,5
31,Wunderwear,0.2502761074444444,18.0,0.2777777777777778,6
32,Trashy,0.180492893375,144.0,0.5,6
33,Sencux,0.2289091641495327,214.0,0.4672897196261682,186
34,Kobbe,0.260246567062937,286.0,0.5244755244755245,6
35,Nisbeth,0.10736090044444443,18.0,0.2777777777777778,6
36,Vizicsacsi,0.21762245725742588,303.0,0.5412541254125413,6
37,Diamondprox,0.1878229064864865,37.0,0.4594594594594595,138
38,Fox,0.24056421232530129,83.0,0.46987951807228917,92
39,Steeelback,0.2567474843333333,150.0,0.35333333333333333,153
40,Hylissang,0.11465481017791408,326.0,0.6012269938650306,0
41,Cabochard,0.22769940556194693,226.0,0.47345132743362833,8
42,Shook,0.1721829619545455,110.0,0.39090909090909093,4
43,nukeduck,0.22631998824999996,52.0,0.4423076923076923,8
44,Hjarnan,0.25731907895882355,170.0,0.5117647058823529,3
45,KaSing,0.12436028286301373,73.0,0.5068493150684932,79
46,fredy122,0.21338458533333332,18.0,0.2222222222222222,9
47,Airwaks,0.1854687316666666,42.0,0.2619047619047619,9
48,Betsy,0.2409567453750001,152.0,0.34210526315789475,153
49,Safir,0.22072001483333337,6.0,0.16666666666666666,9
50,Edward,0.10424303573913044,23.0,0.391304347826087,7
51,BetongJocke,0.19205228840000002,10.0,0.2,5
52,extinkt,0.10680191137499999,8.0,0.125,9
53,Djoko,0.1716377740178571,112.0,0.375,153
54,Selfie,0.2527500955876288,97.0,0.6185567010309279,4
55,Tabzz,0.24114227680952385,63.0,0.20634920634920634,1
56,Rudy,0.18482283783333334,6.0,0.6666666666666666,7
57,Klaj,0.11165178151785718,56.0,0.5178571428571429,127
58,loulex,0.18601790256521739,23.0,0.5652173913043478,52
59,Smittyj,0.22857124830534348,131.0,0.48854961832061067,4
60,Wisdom,0.18703500712408763,137.0,0.43795620437956206,107
61,Sonstar,0.25072810675,4.0,0.25,5
62,xPeke,0.1909098629444444,54.0,0.2777777777777778,1
63,Hustlin,0.11338030398198198,111.0,0.3783783783783784,5
64,Untara,0.21066979481751827,137.0,0.44525547445255476,11
65,Bubbling,0.17633048021276598,47.0,0.40425531914893614,10
66,Sky,0.24282593093589738,78.0,0.4358974358974359,40
67,Kramer,0.25668268037918207,269.0,0.48698884758364314,12
68,MadLife,0.1138400256,120.0,0.425,73
69,Duke,0.2207927155609757,123.0,0.6666666666666666,98
70,Bengi,0.17464556024390243,41.0,0.6585365853658537,11
71,Faker,0.23672869321398335,472.0,0.6483050847457628,11
72,Bang,0.2500924953994911,393.0,0.5979643765903307,154
73,Wolf,0.11362421361872914,299.0,0.6454849498327759,11
74,ikssu,0.20427644730769237,143.0,0.4405594405594406,15
75,lira,0.20365715657843136,102.0,0.4411764705882353,64
76,Mickey,0.24418101875000015,240.0,0.4583333333333333,185
77,Sangyoon,0.2579405336388889,324.0,0.4722222222222222,177
78,SnowFlower,0.11239252737912092,364.0,0.48626373626373626,13
79,Ssumday,0.23314590194098372,305.0,0.5344262295081967,154
80,Score,0.1838536302684211,380.0,0.5894736842105263,13
81,Fly,0.21843805122475576,307.0,0.5472312703583062,178
82,Arrow,0.2407652000906041,298.0,0.5234899328859061,155
83,Hachani,0.11155156441463421,123.0,0.5853658536585366,8
84,Expession,0.21731243637499995,112.0,0.4375,14
85,Chaser,0.1865721524358974,156.0,0.42948717948717946,40
86,Coco,0.23405903578947368,57.0,0.3684210526315789,14
87,Cpt Jack,0.2383059399285714,28.0,0.6071428571428571,14
88,Pure,0.11333334792134829,89.0,0.42696629213483145,10
89,TrAce,0.20972870134374996,96.0,0.4895833333333333,15
90,Winged,0.19614214388976375,127.0,0.5039370078740157,40
91,Kuzan,0.23101650911616164,198.0,0.4393939393939394,178
92,Pilot,0.2561988935621622,185.0,0.42702702702702705,209
93,Chei,0.11261149435087717,171.0,0.5497076023391813,4
94,SoHwan,0.22623383772784803,158.0,0.4050632911392405,177
95,CuVee,0.22039401439066336,407.0,0.5823095823095823,178
96,Ambition,0.186023585,252.0,0.5992063492063492,178
97,Crown,0.2355112992287388,341.0,0.5806451612903226,155
98,CoreJJ,0.121388655025281,356.0,0.6207865168539326,35
99,Wraith,0.10182831916197183,142.0,0.5140845070422535,15
100,Hipo,0.19897591536111112,36.0,0.19444444444444445,17
101,Crush,0.19003449979245285,53.0,0.18867924528301888,109
102,Edge,0.24194996665441176,136.0,0.25,17
103,SSol,0.26006477046896553,145.0,0.2482758620689655,12
104,GuGer,0.10945291874999999,84.0,0.2261904761904762,17
105,SoaR,0.21347771339999996,10.0,0.2,18
106,Flawless,0.18848974434146343,41.0,0.21951219512195122,18
107,SaSin,0.2386896874146341,41.0,0.21951219512195122,18
108,Nuclear,0.24952701618828466,239.0,0.5439330543933054,187
109,Secret,0.10764964506451612,93.0,0.25806451612903225,17
110,Smeb,0.2279136559093333,375.0,0.616,13
111,Peanut,0.18352581128871379,381.0,0.6456692913385826,178
112,Kuro,0.22831515985804407,317.0,0.6214511041009464,12
113,PraY,0.24668263841638233,293.0,0.6040955631399317,13
114,GorillA,0.1105314479970414,338.0,0.6538461538461539,48
115,Stitch,0.2720929791545454,110.0,0.5545454545454546,169
116,Blank,0.17130645159162308,191.0,0.6073298429319371,11
117,Scout,0.2372327892571429,35.0,0.4857142857142857,179
118,Soul,0.22771513366101695,59.0,0.23728813559322035,192
119,Flame,0.21900077457142855,175.0,0.49714285714285716,187
120,Crash,0.18823424809770115,174.0,0.5057471264367817,83
121,IgNar,0.11196365201600003,250.0,0.464,52
122,Frozen,0.23460042859217875,179.0,0.5698324022346368,76
123,Roach,0.22293838278294578,129.0,0.31007751937984496,178
124,Bdd,0.23131263538486846,304.0,0.5263157894736842,13
125,Fury,0.23723970885416665,48.0,0.375,14
126,Zzus,0.10272157593877553,49.0,0.46938775510204084,144
127,MMD,0.2068290864277109,166.0,0.7289156626506024,20
128,Karsa,0.1896814817860963,187.0,0.7005347593582888,69
129,Maple,0.23680698988846152,260.0,0.7423076923076923,20
130,Breeze,0.26219490726171873,256.0,0.4140625,158
131,SwordArT,0.11363494882681568,179.0,0.7374301675977654,20
132,Ziv,0.2207083242365931,317.0,0.580441640378549,21
133,Mountain,0.18829606002659577,188.0,0.6436170212765957,21
134,Chawy,0.24254341246808503,94.0,0.6063829787234043,83
135,AN,0.24058349918518523,108.0,0.75,21
136,Albis,0.11313054785167459,209.0,0.631578947368421,21
137,westdoor,0.23909867870588233,17.0,0.7058823529411765,21
138,MapleSnow,0.21358073252577314,97.0,0.44329896907216493,22
139,Dinter,0.18402829214,50.0,0.52,22
140,Chillyz,0.226821474,4.0,1.0,22
141,GodKwai,0.22836202853658533,82.0,0.4878048780487805,22
142,Olleh,0.11947112228358216,268.0,0.5559701492537313,157
143,AJ,0.2030966446,10.0,0.0,23
144,SpeaR,0.19748040567857145,28.0,0.03571428571428571,23
145,KuKu,0.252861420576923,52.0,0.057692307692307696,93
146,Rabi2,0.2124779458214285,28.0,0.03571428571428571,23
147,Never,0.15691491068750002,16.0,0.0,23
148,Julian,0.20315317924999998,4.0,0.25,24
149,Wulala,0.1937172026979167,96.0,0.3125,22
150,M1ssion,0.24249964731779658,236.0,0.4830508474576271,83
151,Payne,0.21296813683333335,6.0,0.16666666666666666,24
152,SkuLL,0.10796333669767441,129.0,0.2558139534883721,191
153,BoBo,0.21378609280555558,72.0,0.4583333333333333,56
154,Taizan,0.18452202243975901,166.0,0.4397590361445783,21
155,Apex,0.23626351855882352,238.0,0.48739495798319327,21
156,Dee,0.23679790163698622,146.0,0.4657534246575342,56
157,Dreamer,0.110551143543379,219.0,0.4703196347031963,56
158,exciting,0.18433200966666666,3.0,0.3333333333333333,26
159,YO,0.18086022675,28.0,0.2857142857142857,26
160,SuwaKo,0.25519377875,56.0,0.25,26
161,LBB,0.24050143895348838,86.0,0.2441860465116279,21
162,SuKi,0.10950017028915668,83.0,0.24096385542168675,129
163,Morning,0.20825886890076348,131.0,0.6335877862595419,20
164,REFRA1N,0.18748283358241752,91.0,0.6813186813186813,55
165,FoFo,0.2412773661483871,310.0,0.5806451612903226,55
166,BeBe,0.2481106425310345,145.0,0.6275862068965518,55
167,Jay,0.11433497406206895,145.0,0.6275862068965518,55
168,Ninuo,0.2175778311604939,162.0,0.2654320987654321,168
169,Kaiwing,0.11537482925757574,264.0,0.4772727272727273,83
170,Rokenia,0.24135827890909092,22.0,0.45454545454545453,22
171,Nexus,0.20931382128205125,117.0,0.3247863247863248,129
172,Rins,0.21807845639215687,51.0,0.3137254901960784,77
173,NL,0.24411213843055574,72.0,0.7916666666666666,20
174,CorGi,0.23843048312,50.0,0.38,24
175,RD,0.25912548150000003,6.0,0.8333333333333334,21
176,LilV,0.26600386414893606,47.0,0.5531914893617021,78
177,XUE,0.21991512600000002,2.0,0.0,23
178,CandyBB,0.10950468925000001,4.0,0.0,23
179,Syuan,0.21001175314285717,14.0,0.07142857142857142,23
180,Melon,0.09726936119999999,10.0,0.1,23
181,Yue,0.1842137865,2.0,1.0,27
182,MarS,0.2267614296923077,13.0,0.46153846153846156,93
183,Achie,0.18150325722222227,9.0,0.7777777777777778,55
184,Hauntzer,0.22623507842201834,327.0,0.6299694189602446,157
185,Svenskeren,0.18028582210542182,332.0,0.6626506024096386,30
186,Bjergsen,0.2398287333877551,343.0,0.6443148688046647,28
187,Doublelift,0.2573523993323076,325.0,0.6707692307692308,35
188,Yellowstar,0.1142524861369863,73.0,0.5068493150684932,0
189,Darshan,0.21195345920155037,258.0,0.5155038759689923,29
190,Xmithie,0.18095100263920452,352.0,0.5994318181818182,35
191,HuHi,0.23478556909090909,77.0,0.5584415584415584,29
192,Stixxay,0.2520505754158076,291.0,0.5292096219931272,29
193,Aphromoo,0.1169876882727273,77.0,0.5584415584415584,29
194,Balls,0.20766611474149654,147.0,0.5102040816326531,117
195,Rush,0.17350489885000003,60.0,0.5166666666666667,36
196,Jensen,0.24789827672192496,374.0,0.6283422459893048,35
197,Sneaky,0.2436074165653412,352.0,0.6278409090909091,30
198,Bunny FuFuu,0.1091288342777778,18.0,0.5,30
199,Huni,0.23054455133006568,306.0,0.6209150326797386,156
200,Reignover,0.1889472840841584,202.0,0.5198019801980198,29
201,Pobelter,0.23414314689836058,305.0,0.5934426229508196,82
202,WildTurtle,0.24357494773015867,252.0,0.5674603174603174,82
203,Adrian,0.11800679489729736,185.0,0.6216216216216216,151
204,Kirei,0.18179250106730765,104.0,0.3942307692307692,48
205,Shiphtur,0.19045404740384614,52.0,0.23076923076923078,72
206,Apollo,0.2395720174562737,263.0,0.39923954372623577,36
207,KiWiKiD,0.11588965259016393,61.0,0.29508196721311475,33
208,Cris,0.22298523005555554,36.0,0.4444444444444444,85
209,Shrimp,0.18947626060571432,175.0,0.64,201
210,GBM,0.23364524406632653,196.0,0.576530612244898,104
211,Altec,0.24577780348837217,172.0,0.5290697674418605,36
212,KonKwon,0.1142784586451613,31.0,0.41935483870967744,63
213,RF Legendary,0.2156309988666667,30.0,0.16666666666666666,85
214,Crumbz,0.1804209123157895,19.0,0.3157894736842105,34
215,AlexIch,0.22562598322222222,18.0,0.1111111111111111,34
216,Freeze,0.25715440731481476,108.0,0.5462962962962963,163
217,Remi,0.10786091816666667,6.0,0.16666666666666666,34
218,Lourlo,0.21739156598253281,229.0,0.3930131004366812,36
219,IWDominate,0.163283073,1.0,0.0,35
220,FeniX,0.24525621690163937,61.0,0.5901639344262295,73
221,Piglet,0.2489677226445497,211.0,0.4218009478672986,156
222,Smoothie,0.10686022309333332,300.0,0.6066666666666667,28
223,kfo,0.22414552562962964,54.0,0.25925925925925924,36
224,Hard,0.17653611832967034,91.0,0.45054945054945056,58
225,Froggen,0.24985522525842693,178.0,0.3539325842696629,157
226,Keith,0.23318845460112367,178.0,0.4101123595505618,30
227,Big,0.1059562314274194,124.0,0.3548387096774194,155
228,Feng,0.1493411137272727,33.0,0.42424242424242425,150
229,beibei,0.18850241533333334,3.0,0.3333333333333333,37
230,Gate,0.1215226621942857,175.0,0.33714285714285713,155
231,Mash,0.24896753955555537,99.0,0.41414141414141414,73
232,Ken,0.103585595,9.0,0.2222222222222222,37
233,Impact,0.2095649127536656,341.0,0.6334310850439883,35
234,Moon,0.18194156528571434,189.0,0.4444444444444444,152
235,Dardoch,0.19233471846724895,229.0,0.537117903930131,155
236,Matt,0.10983494283098594,213.0,0.4084507042253521,157
237,Hai,0.2212874031472391,163.0,0.48466257668711654,157
238,Seraph,0.21291982219186048,172.0,0.4186046511627907,64
239,BillyBoss,0.20525139206249998,16.0,0.1875,32
240,LOD,0.23264670519999997,125.0,0.448,32
241,Solo,0.22329688252150534,186.0,0.5053763440860215,36
242,Grigne,0.1790815281333333,15.0,0.2,72
243,Goldenglue,0.23955425778906256,128.0,0.4765625,30
244,Procxin,0.1978294273529412,68.0,0.36764705882352944,64
245,Pirean,0.22675045995683446,139.0,0.38848920863309355,184
246,Ohq,0.238197303,1.0,0.0,34
247,Hakuho,0.11715739139925378,268.0,0.39925373134328357,36
248,Flaresz,0.21424558333333335,3.0,0.0,34
249,Stunt,0.11485107106578947,76.0,0.5657894736842105,148
250,Ninja,0.22889201924264713,136.0,0.40441176470588236,130
251,Yang,0.22520462991275156,149.0,0.5302013422818792,45
252,Revolta,0.18323993419827592,116.0,0.5517241379310345,160
253,tockers,0.23753501736619723,142.0,0.5774647887323944,160
254,micaO,0.2453240588089172,157.0,0.5796178343949044,38
255,Jockster,0.11476925923333335,150.0,0.5533333333333333,204
256,Robo,0.22534944970857157,175.0,0.6457142857142857,201
257,Nappon,0.1712365174153846,65.0,0.6461538461538462,40
258,takeshi,0.23452340493055557,72.0,0.4722222222222222,45
259,esA,0.17174347781818178,99.0,0.5454545454545454,45
260,Baiano,0.11514769415533976,103.0,0.44660194174757284,41
261,Eryon,0.221299408,2.0,0.0,40
262,YoDa SL,0.19266471610526315,19.0,0.42105263157894735,40
263,Brucer,0.2320017317571429,70.0,0.4,41
264,SacyR,0.24015094292857145,14.0,0.2857142857142857,40
265,Dioud,0.11536215710416665,48.0,0.625,40
266,LEP,0.22290934891780823,73.0,0.547945205479452,40
267,Minerva,0.1791922463861386,101.0,0.46534653465346537,45
268,tinowns,0.24199100994520548,73.0,0.4794520547945205,45
269,pbO,0.24133108257851238,121.0,0.4462809917355372,203
270,Wos,0.10850875700000001,60.0,0.38333333333333336,87
271,SkyBart,0.23538048089610392,77.0,0.4025974025974026,200
272,Turtle,0.17025003315873022,63.0,0.5079365079365079,41
273,Goku,0.21933453983941603,137.0,0.635036496350365,201
274,Skyer,0.23757428207142858,14.0,0.35714285714285715,42
275,Professor,0.10868372458108105,74.0,0.43243243243243246,160
276,Zantins,0.22677415973267326,101.0,0.504950495049505,161
277,Danagorn,0.18313322953333339,30.0,0.23333333333333334,43
278,Vash,0.22187997965714285,35.0,0.2571428571428571,43
279,Matsukaze,0.24038616420212772,94.0,0.46808510638297873,45
280,Verfix,0.11364378907142857,14.0,0.2857142857142857,43
281,Ranger,0.18582896569117646,136.0,0.5514705882352942,199
282,Tierwulf VPP,0.17258920521428572,14.0,0.35714285714285715,44
283,Rakin VPP,0.2549393496428571,14.0,0.35714285714285715,44
284,Luskka,0.25583700719999997,60.0,0.26666666666666666,200
285,RedBert VPP,0.12262812464285713,14.0,0.35714285714285715,44
286,Mylon,0.2220009629491525,59.0,0.576271186440678,45
287,SirT,0.18483517303389838,59.0,0.4915254237288136,45
288,Kami,0.2370934361929824,57.0,0.5614035087719298,45
289,TaeYeon,0.23325659384210526,19.0,0.5789473684210527,45
290,Ziriguidun,0.10771100682258067,62.0,0.45161290322580644,159
291,Ayel,0.2193524402162162,74.0,0.5,45
292,Zuao,0.17548221000000003,52.0,0.4423076923076923,204
293,Verto,0.2553678305,2.0,0.0,43
294,Jwaow,0.2190689240833333,24.0,0.4583333333333333,110
295,Impaler,0.18339182053846154,13.0,0.46153846153846156,46
296,Caedrel,0.20100069807526888,93.0,0.40860215053763443,185
297,Krislund,0.2378039429285714,14.0,0.5,46
298,Wendelbo,0.12050358260377361,53.0,0.5471698113207547,75
299,Wickd,0.22172806734615383,26.0,0.3076923076923077,109
300,Memento,0.179950417704698,149.0,0.40268456375838924,52
301,Godbro,0.2312799524871795,39.0,0.5128205128205128,75
302,Nardeus,0.24091563107142858,14.0,0.14285714285714285,111
303,wewillfailer,0.09528185,4.0,0.0,47
304,Alphari,0.21810916887850462,214.0,0.5327102803738317,1
305,Hans sama,0.23429038477966094,59.0,0.6440677966101694,48
306,Mimic,0.2021010946923077,26.0,0.34615384615384615,196
307,Taikki,0.18721546570370376,54.0,0.48148148148148145,107
308,Jiizuke,0.2371081966810345,116.0,0.5172413793103449,8
309,GAP,0.2532208802,10.0,0.4,49
310,H1iva,0.1234643213,10.0,0.4,49
311,Satorius,0.21598446033962257,53.0,0.1509433962264151,1
312,CozQ,0.2417285784929577,71.0,0.3380281690140845,128
313,Woolite,0.253184703508772,57.0,0.3684210526315789,186
314,Kaze,0.20134069652941175,17.0,0.47058823529411764,51
315,Pretty,0.2412366465925926,27.0,0.4074074074074074,51
316,masterwork,0.12262889282352943,17.0,0.47058823529411764,51
317,Jiizuké,0.2328475098888888,18.0,0.7777777777777778,8
318,Caps,0.23592482585365865,287.0,0.6480836236933798,3
319,Upset,0.2743775194569536,151.0,0.5629139072847682,52
320,SirNukesAlot,0.10146166200000001,24.0,0.2916666666666667,153
321,Dreams,0.10696611824509805,102.0,0.39215686274509803,184
322,Lamabear,0.19209872344444445,9.0,0.1111111111111111,46
323,sOAZ,0.20183037265680479,169.0,0.5680473372781065,48
324,FORG1VEN,0.25577349364705887,34.0,0.6176470588235294,4
325,Perkz,0.2470413177794118,272.0,0.6397058823529411,3
326,mithy,0.11486455395999999,100.0,0.65,3
327,Parang,0.20015611933333333,36.0,0.2777777777777778,9
328,Raise,0.14652088533333335,111.0,0.36036036036036034,169
329,Wunder,0.2271792848169492,295.0,0.5932203389830508,3
330,Mikyx,0.11233032929885056,261.0,0.5862068965517241,3
331,Mightybear,0.1811783183272727,55.0,0.4,19
332,Nukeduck,0.23996388543529404,170.0,0.47058823529411764,1
333,Police,0.24816040881818185,33.0,0.45454545454545453,8
334,Move,0.17177179242261903,168.0,0.5654761904761905,76
335,Exileh,0.23223799957526886,186.0,0.5161290322580645,7
336,Veritas,0.25121302633823533,68.0,0.4852941176470588,10
337,Maxlore,0.18212458347263688,201.0,0.472636815920398,48
338,Night,0.23487976208235295,85.0,0.3764705882352941,5
339,S0NSTAR,0.23396823269767444,43.0,0.46511627906976744,5
340,Reje,0.245262461,4.0,0.25,8
341,Expect,0.21576219660209417,191.0,0.5602094240837696,185
342,Toaster,0.24302380333333332,6.0,0.5,1
343,Werlyb,0.21377650540000004,25.0,0.44,184
344,LirA,0.19107932750993384,151.0,0.46357615894039733,156
345,Haru,0.19395117490780142,141.0,0.49645390070921985,11
346,Crazy,0.22143566695154193,227.0,0.33480176211453744,74
347,Bless,0.1870112378794327,141.0,0.3404255319148936,74
348,Tempt,0.24137192530370374,270.0,0.3592592592592593,177
349,LokeN,0.2443301009555556,45.0,0.35555555555555557,53
350,Key,0.11499126661214941,214.0,0.4532710280373832,177
351,Ruler,0.26315644716622694,379.0,0.58311345646438,178
352,Cry,0.21482988525000002,12.0,0.5833333333333334,19
353,ADD,0.21698600494009218,217.0,0.3778801843317972,54
354,Beyond,0.18857881491160222,181.0,0.39779005524861877,54
355,Ian,0.23013631556756753,222.0,0.3738738738738739,54
356,MaHa,0.24111707711875,160.0,0.375,54
357,Max,0.12173932652995391,217.0,0.3778801843317972,54
358,Blanc,0.243748951,75.0,0.4,9
359,Lindarang,0.2191891224380953,210.0,0.3619047619047619,15
360,SeongHwan,0.16874978471264376,87.0,0.4367816091954023,178
361,Totoro,0.11016607446258503,147.0,0.35374149659863946,7
362,Ghost,0.2514438586678445,283.0,0.4169611307420495,188
363,Shy,0.21433288789090907,55.0,0.4727272727272727,19
364,Firetrap,0.203018453,1.0,0.0,53
365,Sweet,0.12171021112500001,8.0,0.5,15
366,Helper,0.20273912168000002,25.0,0.28,71
367,Vayn3z,0.21360054495238096,21.0,0.2857142857142857,56
368,Breaker,0.1649342188333333,78.0,0.44871794871794873,55
369,Yo,0.18508441425,24.0,0.125,26
370,Gear,0.24943504839344266,61.0,0.4098360655737705,83
371,Raison,0.24992109208823526,34.0,0.4411764705882353,22
372,K,0.1220648531138212,246.0,0.4268292682926829,158
373,Benny,0.16739348499999998,64.0,0.40625,158
374,Zor,0.21890849700000006,16.0,0.0,57
375,Rain,0.21484642854255315,94.0,0.2765957446808511,107
376,Westdoor,0.22047908212903217,93.0,0.6344086021505376,21
377,Mist,0.2190728335,2.0,0.0,26
378,WIND,0.18519825399999998,43.0,0.3488372093023256,93
379,Baybay,0.1935625101,10.0,0.9,21
380,PaSa,0.228052811,17.0,0.17647058823529413,114
381,Pony,0.19397799269696966,33.0,0.2727272727272727,129
382,XiaoLiang,0.221589477,1.0,0.0,22
383,fabbbyyy,0.226767560828125,64.0,0.46875,85
384,LemonNation,0.12218443606896556,145.0,0.4689655172413793,155
385,k3soju,0.20962559,2.0,0.0,60
386,ShorterACE,0.1957276239,10.0,0.0,60
387,Poppers OP,0.23058192979999997,10.0,0.0,60
388,Impactful,0.24152895475000002,4.0,0.0,60
389,Nisker,0.11429700839999998,5.0,0.0,60
390,Chorong,0.21140219992857143,14.0,0.42857142857142855,61
391,Akaadian,0.1858051561627907,172.0,0.4476744186046512,28
392,Pekin Woof,0.23231246423170737,82.0,0.45121951219512196,146
393,Massacre,0.2575642875714285,14.0,0.42857142857142855,61
394,Papa Chau,0.11199599083333335,18.0,0.6111111111111112,151
395,Flaxxish,0.21643825248275847,58.0,0.29310344827586204,5
396,Ablazeolive,0.22952103128571433,49.0,0.40816326530612246,147
397,Rikara,0.2560104015045871,109.0,0.4954128440366973,154
398,Trance,0.120221961875,8.0,0.625,62
399,Roar,0.24875055000000001,11.0,0.45454545454545453,63
400,Contractz,0.18023499205803592,224.0,0.5535714285714286,157
401,Bodydrop,0.1141117602,5.0,0.0,60
402,Bee Sin,0.1128422785,2.0,0.5,61
403,Norskeren,0.10783664990243898,164.0,0.5121951219512195,6
404,deftly,0.2466868452686567,67.0,0.582089552238806,92
405,Pomi,0.19609414149999999,2.0,0.0,60
406,Prototype,0.231069917,2.0,0.0,60
407,Biofrost,0.11543278101433689,279.0,0.6308243727598566,29
408,Huhi,0.2409010885968993,129.0,0.5426356589147286,29
409,aphromoo,0.10818708528820961,229.0,0.5152838427947598,154
410,Quas,0.2124993248505746,87.0,0.45977011494252873,90
411,Santorin,0.17868641663917523,194.0,0.4587628865979381,82
412,ohq,0.24482143146511623,43.0,0.32558139534883723,33
413,Meteos,0.18384047247282617,184.0,0.5543478260869565,155
414,zig,0.21067823816541356,133.0,0.3458646616541353,149
415,Zentinel,0.17681555664285714,28.0,0.32142857142857145,90
416,Slooshi,0.23925746466666664,18.0,0.16666666666666666,35
417,Ray,0.22710684762820518,78.0,0.48717948717948717,30
418,ShrimP,0.19150181745652176,46.0,0.45652173913043476,66
419,Keane,0.24102097600956948,209.0,0.49282296650717705,82
420,Xpecial,0.11662021405625005,160.0,0.41875,149
421,Fenix,0.24219714014782617,115.0,0.46956521739130436,36
422,Brandini,0.22222801586111107,72.0,0.4166666666666667,148
423,Inori,0.19152106220512824,78.0,0.4230769230769231,65
424,Kez,0.1822254422857143,7.0,0.14285714285714285,36
425,Jynthe,0.22044700879999998,5.0,0.2,35
426,Arcsecond,0.19442684233333332,3.0,0.0,35
427,Smurf,0.21171967819999998,10.0,0.4,67
428,PvPStejos,0.20504535317391298,23.0,0.391304347826087,138
429,Kira,0.23137396559374998,32.0,0.40625,138
430,aMiracle,0.23722064300000004,10.0,0.4,67
431,Likkrit,0.1285707816,10.0,0.4,67
432,Mouse,0.19707309953333335,15.0,0.4666666666666667,68
433,ClearLove,0.18238780294117649,17.0,0.5882352941176471,179
434,PawN,0.23037521066153838,130.0,0.6461538461538462,142
435,Deft,0.25446099084477647,335.0,0.6149253731343284,142
436,meiko,0.11251622137499999,32.0,0.53125,179
437,Looper,0.21170688021951217,82.0,0.3780487804878049,36
438,Mlxg,0.16996370872093028,43.0,0.627906976744186,69
439,xiaohu,0.2264827659375,32.0,0.53125,69
440,Uzi,0.29178293355737706,61.0,0.6229508196721312,69
441,Mata,0.10631152899680515,313.0,0.6293929712460063,11
442,AmazingJ,0.208407003,6.0,0.3333333333333333,70
443,Avoidless,0.17677130583333334,6.0,0.3333333333333333,70
444,Athena,0.2337128758,5.0,0.4,70
445,jinjiao,0.24195441166666667,6.0,0.3333333333333333,70
446,road,0.1163072802,5.0,0.2,70
447,BaeMe,0.2435514495,2.0,0.5,70
448,Koro1,0.21168084799999998,4.0,0.25,68
449,UmTi,0.16916485760215053,186.0,0.3817204301075269,13
450,Teddy,0.27222123109708724,309.0,0.517799352750809,11
451,Khan,0.23131330501724132,290.0,0.6862068965517242,11
452,Cuzz,0.1742865732362638,182.0,0.6208791208791209,142
453,Pawn,0.2296521163275862,58.0,0.603448275862069,13
454,Malrang,0.16933012463309347,139.0,0.302158273381295,15
455,Cepted,0.2511334041585366,82.0,0.4634146341463415,163
456,Deul,0.2591165115785124,121.0,0.39669421487603307,56
457,Ella,0.10913365488571429,35.0,0.2571428571428571,71
458,MaRin,0.2230748247222223,108.0,0.5277777777777778,12
459,TusiN,0.11101955327300615,326.0,0.5705521472392638,142
460,Dyrus,0.21933352882608698,23.0,0.13043478260869565,72
461,Scarra,0.16954662060869566,23.0,0.13043478260869565,72
462,Voyboy,0.23327711247826083,23.0,0.13043478260869565,72
463,Imaqtpie,0.2487491483478261,23.0,0.13043478260869565,72
464,rjsdndgod,0.181255638,1.0,0.0,73
465,Madlife,0.12427640678947369,38.0,0.631578947368421,73
466,Elwind,0.22138124419424457,139.0,0.5107913669064749,144
467,Mojito,0.16844135450381684,131.0,0.5267175572519084,144
468,Naehyun,0.23400090325954198,131.0,0.4122137404580153,142
469,Madness,0.26673961635971233,139.0,0.5107913669064749,144
470,Mocha,0.1184551745142857,35.0,0.5714285714285714,75
471,Thaldrin,0.22172416521568625,153.0,0.5620915032679739,76
472,padden,0.2589558455882353,34.0,0.7647058823529411,76
473,Japone,0.11184239581818185,132.0,0.5378787878787878,76
474,Seonghwan,0.1603103003880597,67.0,0.5074626865671642,19
475,Broxah,0.1723697137945737,258.0,0.6472868217054264,0
476,Jesiz,0.12572405781578946,114.0,0.5964912280701754,48
477,Hans Sama,0.2632964383731344,134.0,0.47761194029850745,48
478,Phaxi,0.21248351298387103,62.0,0.41935483870967744,9
479,Pridestalker,0.18996337600000007,51.0,0.45098039215686275,128
480,Wadid,0.10117864828488372,172.0,0.45348837209302323,82
481,Send0o,0.20354980766666667,3.0,0.6666666666666666,3
482,Loulex,0.19773285333333332,3.0,0.6666666666666666,3
483,Xerxe,0.17177756490557933,233.0,0.5622317596566524,6
484,Samux,0.24635483657142854,119.0,0.5378151260504201,7
485,Cody Sun,0.25664075237899536,219.0,0.5525114155251142,156
486,Shady,0.10516815737288139,59.0,0.3559322033898305,147
487,Epic,0.16824895264423073,104.0,0.3269230769230769,168
488,Wako,0.2553068246565656,198.0,0.43434343434343436,21
489,Alex,0.17625888446564875,131.0,0.5267175572519084,21
490,Zest,0.09168217598507462,67.0,0.26865671641791045,168
491,3z,0.22488545118777284,229.0,0.5109170305676856,83
492,Pk,0.21875419252083328,48.0,0.5208333333333334,78
493,Laba,0.16537723117142855,70.0,0.4714285714285714,160
494,wuji,0.2444920968958334,48.0,0.5208333333333334,78
495,Koala,0.10425970688127853,219.0,0.5981735159817352,55
496,Thal,0.23192803134532375,139.0,0.4748201438848921,177
497,MooJin,0.17045986952631578,19.0,0.3684210526315789,79
498,MagiFelix,0.2255800877045455,44.0,0.38636363636363635,144
499,Sedrion,0.2384515476428571,14.0,0.5,79
500,DANDAN,0.27075397090909087,11.0,0.18181818181818182,1
501,xani,0.16174121266666666,12.0,0.25,107
502,Scarlet,0.23519115599999998,12.0,0.25,155
503,Neon,0.2469277732,20.0,0.3,48
504,Iluzjonist,0.097459161,4.0,0.5,1
505,Jisu,0.2164938347678572,56.0,0.5357142857142857,174
506,Yuuki60,0.24449944131034484,58.0,0.3448275862068966,128
507,Profit,0.22244367746846846,111.0,0.3333333333333333,186
508,Nagne,0.24245690792307692,39.0,0.28205128205128205,81
509,HeaQ,0.24280184327142865,140.0,0.29285714285714287,186
510,Comeback,0.1103050132857143,14.0,0.2857142857142857,71
511,Gemini,0.16587508516250002,160.0,0.425,169
512,An,0.26062145729032266,124.0,0.45161290322580644,21
513,brTT RX,0.2539087299,30.0,0.7666666666666667,40
514,Tay,0.20524317801626019,123.0,0.5121951219512195,38
515,Loop,0.11928713405333335,75.0,0.4666666666666667,40
516,Sacy,0.25099853695555563,45.0,0.5333333333333333,40
517,b4dd,0.23253216907142857,14.0,0.0,86
518,Ferchu,0.1653657408888889,9.0,0.0,86
519,Krastyel,0.23862539850000006,40.0,0.35,190
520,DudsTheBoy,0.2619549845087719,57.0,0.5087719298245614,199
521,Ceos,0.10548029892307695,65.0,0.47692307692307695,199
522,LUSKKA,0.24389748135185194,54.0,0.46296296296296297,87
523,Theusma,0.22107216219999998,5.0,0.0,86
524,VVvert,0.21900671352272721,44.0,0.4772727272727273,162
525,4LaN,0.18744181674647883,71.0,0.38028169014084506,200
526,Absolut,0.25228405212903227,62.0,0.45161290322580644,89
527,RedBert,0.1214412525426357,129.0,0.5038759689922481,38
528,Lep,0.2383239765714286,14.0,0.21428571428571427,41
529,Envy,0.23489621251824808,137.0,0.5328467153284672,38
530,Shini,0.18202282659459473,111.0,0.5135135135135135,38
531,Wiggily,0.17548754256249996,144.0,0.5763888888888888,29
532,Reven,0.21995895059090909,22.0,0.7272727272727273,201
533,Sheep,0.1078552817258065,62.0,0.4838709677419355,149
534,FallenBandit,0.21223011739130432,23.0,0.2608695652173913,91
535,OmarGod,0.17256625334782613,69.0,0.4782608695652174,91
536,Linsanity,0.23429231740476192,42.0,0.4523809523809524,148
537,Zag,0.2387495027727273,22.0,0.2727272727272727,91
538,Fill,0.1072993757761194,67.0,0.4925373134328358,91
539,Tuesday,0.24328853389393937,66.0,0.5,91
540,Licorice,0.22659549492670167,191.0,0.5968586387434555,30
541,DanDy,0.17326269125,40.0,0.625,92
542,Zeyzal,0.11161507276410261,195.0,0.6205128205128205,30
543,Rascal,0.22435922637931027,116.0,0.5862068965517241,142
544,Grig,0.16363931067605644,71.0,0.49295774647887325,28
545,Wind,0.181118504,25.0,0.12,93
546,Unified,0.2525606487522123,226.0,0.46017699115044247,83
547,once1,0.2000178165,2.0,0.0,83
548,Moonblackk,0.220438421,4.0,0.0,20
549,Madnesss,0.25451949775,4.0,0.0,20
550,SwordArt,0.11100956267999998,75.0,0.7466666666666667,20
551,Juzinho,0.21863508280000002,10.0,0.7,39
552,Rhuckz,0.12588299383333332,12.0,0.5833333333333334,84
553,fabFabulous,0.20289044948850582,174.0,0.6896551724137931,104
554,Stomaged,0.1734147586264367,174.0,0.6896551724137931,104
555,Naru,0.23608781754666666,150.0,0.52,107
556,Zeitnot,0.264380420860465,172.0,0.6918604651162791,104
557,Tolerant,0.11238025257377043,61.0,0.4426229508196721,209
558,Hioss,0.21357592684057966,69.0,0.37681159420289856,107
559,Rawbin IV,0.1801104577857143,14.0,0.42857142857142855,105
560,Shoshin,0.22562573174999997,8.0,0.375,105
561,Amades,0.229824894,8.0,0.375,105
562,Cognac,0.12234007854237282,59.0,0.4576271186440678,130
563,Smoke,0.22930951925,20.0,0.25,118
564,KonDziSan,0.1735044194166667,12.0,0.25,106
565,umuut,0.25393199924999993,28.0,0.21428571428571427,106
566,Endz,0.23953433893749998,16.0,0.1875,106
567,Kairos Plz,0.10860736223999998,25.0,0.24,106
568,PANKY,0.20909912284285714,70.0,0.5285714285714286,130
569,Cheong,0.22392061550000003,4.0,0.25,107
570,Ruve sama,0.25209657375675687,37.0,0.5675675675675675,107
571,Zergsting,0.12102895000757577,132.0,0.5378787878787878,76
572,Rare,0.21383064322916667,48.0,0.20833333333333334,108
573,Soz Purefect,0.2454864785967742,62.0,0.4032258064516129,108
574,mean,0.24302928590322584,31.0,0.3870967741935484,108
575,Rogu sama,0.12282987534285716,35.0,0.37142857142857144,104
576,Broken Blade,0.2207081128655913,186.0,0.5645161290322581,28
577,Cinkrof,0.17272899552941176,34.0,0.2647058823529412,109
578,Immortoru,0.2438622201346153,52.0,0.36538461538461536,109
579,HolyPhoenix,0.2504211074747476,99.0,0.5050505050505051,163
580,Godbro Sama,0.23189769803030302,33.0,0.6060606060606061,107
581,Dan,0.16689220446153846,13.0,0.3076923076923077,110
582,Larssen,0.2581845577894737,38.0,0.42105263157894735,186
583,AoD,0.10751746475000001,20.0,0.3,8
584,SevenArmy,0.164274063,2.0,0.0,1
585,IluzjonistJ,0.095861008,2.0,0.0,1
586,MikeYeung,0.17682373157943923,107.0,0.4485981308411215,36
587,Riris,0.2282663963076923,78.0,0.46153846153846156,83
588,Betty,0.26026419110266164,263.0,0.6692015209125475,20
589,WhiteKnight,0.21592128777499994,40.0,0.325,7
590,Ruin,0.22890730948999988,100.0,0.53,29
591,Minitroupax,0.27814966168518523,54.0,0.6111111111111112,8
592,jactroll,0.12088449015,20.0,0.8,5
593,Kakan,0.250328328,2.0,0.0,110
594,DarkSide,0.2452477604444445,18.0,0.16666666666666666,106
595,Quixeth,0.10248994733333333,6.0,0.0,110
596,Crossman,0.22813408303225802,31.0,0.45161290322580644,105
597,reje,0.27297759496774193,31.0,0.45161290322580644,105
598,Nisqy,0.2350725113785311,177.0,0.5536723163841808,30
599,konkwon,0.1060914125,6.0,0.3333333333333333,35
600,Marf,0.2244006203333333,18.0,0.5,137
601,Visdom,0.10417378499999999,4.0,0.0,41
602,Marshall,0.22627428018181817,55.0,0.36363636363636365,109
603,Coma,0.17448045518181818,11.0,0.5454545454545454,108
604,Lava,0.23449930833986932,153.0,0.45751633986928103,177
605,Kiin,0.2391490425381355,236.0,0.5042372881355932,12
606,Kadir,0.1668630325,34.0,0.29411764705882354,145
607,un1tback,0.11125784366666665,3.0,0.0,106
608,Joo,0.104422034,2.0,0.5,5
609,Crystal,0.17432936825,12.0,0.5833333333333334,105
610,Xiyang,0.22523905425000001,4.0,0.25,101
611,jiekou,0.16073924625,4.0,0.25,101
612,icon,0.239980225,4.0,0.25,101
613,SmLz,0.26568996275,4.0,0.25,101
614,Five,0.10835151175,4.0,0.25,101
615,ClearLove7,0.17473819525,4.0,0.25,68
616,Zet,0.24704497325000002,4.0,0.25,68
617,LetMe,0.20508306993749997,16.0,0.625,69
618,Y4,0.22926923049999998,4.0,0.75,69
619,Ming,0.11357574387272726,55.0,0.6727272727272727,69
620,Audi,0.206002784,2.0,0.0,68
621,957,0.20210133336585365,41.0,0.6585365853658537,95
622,Condi,0.17292379746341466,41.0,0.6585365853658537,95
623,xiye,0.2353116247560976,41.0,0.6585365853658537,95
624,Mystic,0.2523185909268293,41.0,0.6585365853658537,95
625,Zero,0.12404932654545454,11.0,0.7272727272727273,95
626,Mowgli,0.15470341185057473,87.0,0.5057471264367817,8
627,Im Jonny,0.17856220775,4.0,0.0,91
628,Damonte,0.24080267749650344,143.0,0.4825174825174825,156
629,Enzz,0.24084886715789464,19.0,0.05263157894736842,93
630,Ran,0.22629258433333335,3.0,0.0,78
631,Mayhem,0.1985945671,10.0,0.3,106
632,Rest,0.23154615177777788,180.0,0.5333333333333333,55
633,Allorim,0.21555298981818186,55.0,0.34545454545454546,155
634,Arin,0.187501422,3.0,0.0,110
635,Farfetch,0.11352627342857143,28.0,0.4642857142857143,107
636,Veux,0.11421452758333334,48.0,0.2916666666666667,108
637,Crow,0.264200762,1.0,0.0,19
638,Whyin,0.114144210625,24.0,0.375,148
639,Closer,0.18788553139130443,46.0,0.6086956521739131,209
640,LongB,0.1421959711538461,39.0,0.4358974358974359,109
641,Sheriff,0.25587904234883724,43.0,0.27906976744186046,4
642,Dumbledoge,0.12335812100000002,122.0,0.6967213114754098,163
643,Aligan,0.17024439675000003,4.0,0.75,113
644,Phurion,0.16702844600000002,4.0,0.75,113
645,Backlund,0.25458485245,20.0,0.25,108
646,Luger,0.2565686785416667,24.0,0.625,109
647,Only35,0.12033416140000001,10.0,0.6,76
648,brTT,0.2583777568762887,97.0,0.7216494845360825,201
649,Omen,0.15164322842857142,7.0,0.42857142857142855,114
650,Eli,0.24346335811111108,9.0,0.3333333333333333,114
651,Eason,0.11823223761538462,13.0,0.3076923076923077,169
652,Liang,0.22171461557894734,133.0,0.47368421052631576,158
653,Uniboy,0.23348491080701753,171.0,0.52046783625731,158
654,Rock,0.21144478434615388,52.0,0.6346153846153846,158
655,Tuna,0.10479003614814816,27.0,0.4444444444444444,21
656,Candy,0.23657610891472863,129.0,0.49612403100775193,169
657,Punch,0.17401848185074625,67.0,0.3880597014925373,187
658,bono,0.156171406,3.0,1.0,74
659,Zig,0.20754196769230773,52.0,0.6153846153846154,65
660,Nestea,0.13779079375757575,33.0,0.36363636363636365,21
661,LOFS,0.2039739414375,16.0,0.0625,77
662,SiuSiu,0.2421352471538461,26.0,0.07692307692307693,77
663,Chunx,0.11659597546666665,15.0,0.06666666666666667,77
664,Brolia,0.19386426104347826,23.0,0.4782608695652174,108
665,meanTnT,0.2369292524193548,31.0,0.41935483870967744,108
666,Revanche,0.11193306392592593,81.0,0.4567901234567901,130
667,Rogu,0.10690665664102564,78.0,0.3333333333333333,107
668,Veki,0.12033958358333334,12.0,0.3333333333333333,22
669,Hiiva,0.10402332825,12.0,0.0,1
670,Amazingx,0.19085537362500002,32.0,0.59375,127
671,KAKAO,0.19157831295348837,43.0,0.5348837209302325,48
672,Bwipo,0.21436541311764712,136.0,0.625,0
673,Kanani,0.17045659633333332,12.0,0.3333333333333333,118
674,Abbedagge,0.2316629445877193,114.0,0.5263157894736842,52
675,KillerS,0.23384198564285713,28.0,0.2857142857142857,118
676,Madagger,0.1300279186875,16.0,0.25,118
677,TinOwns,0.25144753257142854,14.0,0.42857142857142855,41
678,Woswos,0.11102229571428571,14.0,0.42857142857142855,41
679,Aoshi,0.2067143576470588,17.0,0.29411764705882354,38
680,dyNquedo,0.2283589105877193,114.0,0.5701754385964912,199
681,BocaJunior,0.11862924314285714,14.0,0.2857142857142857,42
682,TheFoxz,0.2186153887857143,14.0,0.21428571428571427,43
683,Riyev,0.11460413417073173,82.0,0.5365853658536586,161
684,Thulz,0.20309679842857145,14.0,0.21428571428571427,124
685,Evrot,0.25061998457142853,14.0,0.21428571428571427,124
686,Sarkis,0.21741231545161288,31.0,0.3225806451612903,175
687,Cabuloso,0.12606019014285713,14.0,0.21428571428571427,124
688,Hatrixx,0.23486529400000003,14.0,0.5,90
689,Shynon,0.2290890273,10.0,0.3,72
690,Baby,0.1307673652,15.0,0.2,72
691,OddOrange,0.17334315173469386,49.0,0.3673469387755102,151
692,Strompest,0.2499297882,10.0,0.0,125
693,Vex,0.2343201661,10.0,0.0,125
694,Vincent,0.09555102260000001,10.0,0.0,125
695,Fabbbyyy,0.24282199315384617,13.0,0.38461538461538464,85
696,IceBeasto,0.2280109382,10.0,0.3,126
697,Tabasko,0.18548221550000002,10.0,0.3,126
698,Sebekx,0.24220149479999997,10.0,0.3,126
699,delord,0.115144689,10.0,0.3,126
700,steal,0.1686500866,10.0,0.3,51
701,P1noy,0.2586153178,10.0,0.3,51
702,dan,0.1812158635,4.0,0.0,127
703,Chingz,0.2343710390909091,11.0,0.36363636363636365,129
704,Rlun,0.209606792,1.0,0.0,55
705,Jcain,0.157083076,1.0,0.0,55
706,Rakin,0.2420673710952381,42.0,0.5238095238095238,41
707,React,0.21560423106249998,16.0,0.5,107
708,Reach,0.18589915235135135,37.0,0.4864864864864865,76
709,Elysion,0.218423429375,8.0,0.375,76
710,Un1tback,0.11094615240000001,10.0,0.3,76
711,Trix,0.1649729426451613,93.0,0.46236559139784944,130
712,Xico,0.25226531152631587,57.0,0.49122807017543857,107
713,Emtest,0.21768524548484844,33.0,0.48484848484848486,130
714,Kirito,0.22198012175,4.0,0.25,107
715,LEYL U NEHAR,0.23937462266666668,6.0,0.3333333333333333,107
716,Ruvelius,0.24264357258730163,63.0,0.4603174603174603,109
717,avenuee,0.23243674585714283,14.0,0.6428571428571429,107
718,PADDEN,0.22987428524137932,29.0,0.5172413793103449,76
719,Obvious,0.1907137449375,16.0,0.375,109
720,Nerroh,0.175445594,4.0,0.0,118
721,Adaniel,0.165262083,4.0,0.25,118
722,Whiteknight,0.20056864866666665,9.0,0.6666666666666666,111
723,Zhergoth,0.21484511350000002,2.0,0.0,127
724,Youngbin,0.20187395216666668,6.0,0.5,35
725,Titan,0.2535938181290322,31.0,0.6451612903225806,161
726,Yampi,0.17149159453703697,54.0,0.48148148148148145,41
727,Decagon Moon,0.17461455375,4.0,0.25,118
728,Joey,0.10963200134042557,47.0,0.5957446808510638,58
729,Part,0.20039859066666665,3.0,0.3333333333333333,74
730,DreamSha,0.19674253033333333,3.0,0.3333333333333333,93
731,Empt2y,0.16484552234090916,44.0,0.5454545454545454,169
732,Crimson,0.197791314,4.0,0.5,118
733,Lethilion,0.243339378,1.0,0.0,104
734,Chippys,0.21973317047058827,17.0,0.29411764705882354,131
735,Shernfire,0.1905197415,8.0,0.25,131
736,Phantiks,0.24635358163636364,11.0,0.2727272727272727,131
737,k1ng,0.2565260147307692,26.0,0.3076923076923077,208
738,Destiny,0.11645088428571433,21.0,0.2857142857142857,208
739,Evi,0.21814631003571425,28.0,0.2857142857142857,181
740,Tussle,0.20235556419999998,10.0,0.1,132
741,Ramune,0.22420908356250002,16.0,0.125,172
742,Yutorimoyasi,0.24143185450000001,6.0,0.16666666666666666,132
743,Dara,0.1229147086,10.0,0.1,132
744,Doxy,0.2128356385,6.0,0.3333333333333333,133
745,Kreox,0.1942462408333333,6.0,0.3333333333333333,133
746,Paranoia,0.2273949425,6.0,0.3333333333333333,133
747,Blasting,0.24200445299999998,10.0,0.2,133
748,SaNTaS,0.11579722361904762,21.0,0.47619047619047616,198
749,Jirall,0.20340724400000001,19.0,0.47368421052631576,170
750,Oddie,0.16706450851515153,33.0,0.42424242424242425,136
751,Seiya,0.23295387287878785,33.0,0.42424242424242425,136
752,WhiteLotus,0.2773107864210526,19.0,0.47368421052631576,170
753,Genthix,0.11053961026315791,19.0,0.47368421052631576,170
754,Stark,0.20753649615384612,39.0,0.46153846153846156,173
755,Levi,0.19851849076056333,71.0,0.4507042253521127,211
756,Optimus,0.23189418340624995,32.0,0.46875,141
757,Slay,0.22681036175000002,44.0,0.4318181818181818,211
758,Archie,0.12955523978125003,32.0,0.46875,141
759,Pride,0.18012378545833332,24.0,0.3333333333333333,52
760,QQmore,0.1843113685,6.0,0.16666666666666666,136
761,Emp,0.23505000916666666,6.0,0.16666666666666666,136
762,Kindless,0.22706869033333332,6.0,0.16666666666666666,136
763,Newbie,0.12346307833333332,6.0,0.16666666666666666,136
764,YoDa,0.211127214,1.0,1.0,40
765,Ben,0.1422196067,30.0,0.6333333333333333,95
766,EDward,0.11604058507692308,13.0,0.38461538461538464,138
767,shernfire,0.17294473999999999,11.0,0.2727272727272727,131
768,Ren,0.2081761245,2.0,0.0,139
769,Venus,0.13383525820000003,15.0,0.3333333333333333,210
770,Naul,0.23135603381578954,38.0,0.3684210526315789,183
771,BigKoro,0.25588298639473683,38.0,0.3684210526315789,183
772,Palette,0.11041008310526315,38.0,0.3684210526315789,183
773,MANTARRAYA,0.22281333125000002,4.0,0.25,140
774,Tierwulf,0.17372879742857142,14.0,0.21428571428571427,140
775,Plugo,0.22362843885714284,14.0,0.21428571428571427,140
776,Fix,0.26933189435714283,14.0,0.21428571428571427,140
777,Slow,0.10618427460714286,28.0,0.2857142857142857,136
778,YutoriMoyasi,0.2660927091,10.0,0.1,172
779,Godkwai,0.16075287557142856,7.0,0.42857142857142855,83
780,Padden,0.2577610656097561,82.0,0.5121951219512195,76
781,NhocTy,0.21050958120000002,5.0,0.4,139
782,Letme,0.19174198521212119,33.0,0.7272727272727273,69
783,Xiaohu,0.2286375165151515,33.0,0.7272727272727273,69
784,Pray,0.2518060728028169,71.0,0.7323943661971831,142
785,Noway,0.2659480904285714,7.0,0.2857142857142857,141
786,Nevan,0.12917367633333335,3.0,0.3333333333333333,141
787,Clearlove7,0.15653266316666667,6.0,0.3333333333333333,68
788,iBoy,0.27413451783333337,6.0,0.3333333333333333,68
789,Meiko,0.15832353833333332,6.0,0.3333333333333333,68
790,Sya,0.1509925895,4.0,0.25,141
791,Armut,0.2304100818529412,68.0,0.4264705882352941,209
792,achuu,0.27082930640740743,27.0,0.37037037037037035,130
793,Effort,0.10666884398275865,116.0,0.6293103448275862,11
794,KaKAO,0.17462140811428573,35.0,0.34285714285714286,109
795,Lucete,0.2393299892105263,19.0,0.47368421052631576,109
796,Grace,0.23386890582517486,143.0,0.2517482517482518,15
797,Justice,0.22470429222222224,9.0,0.3333333333333333,15
798,Dhokla,0.23333946300000008,81.0,0.4567901234567901,155
799,Palafox,0.2416568623333333,36.0,0.3333333333333333,145
800,Andy,0.2416195622222222,18.0,0.3333333333333333,145
801,V1PER,0.2389227748695652,23.0,0.6521739130434783,58
802,Shoryu,0.2353658684545454,44.0,0.6363636363636364,58
803,Ngo,0.20082329286792455,53.0,0.6037735849056604,146
804,Erry,0.23956516143396214,53.0,0.6037735849056604,146
805,JayJ,0.10515007504761907,84.0,0.5119047619047619,82
806,MrRallez,0.24717005130555553,36.0,0.4166666666666667,147
807,FallnBandit,0.2166476083695652,46.0,0.6086956521739131,91
808,Auto,0.24783178542553191,47.0,0.574468085106383,91
809,kaizen,0.20233718527777778,18.0,0.3888888888888889,148
810,Kitzuo,0.14318205050000002,8.0,0.375,148
811,Jenkins,0.21426874694444448,18.0,0.1111111111111111,149
812,Potluck,0.16510838283333337,36.0,0.16666666666666666,149
813,bobqin,0.24606045173684218,38.0,0.15789473684210525,149
814,Jurassiq,0.2551907965555555,18.0,0.1111111111111111,149
815,Shiro,0.2097733971136364,44.0,0.7272727272727273,150
816,Lost,0.2518718093492064,63.0,0.4603174603174603,36
817,Maxtrobo,0.216035453051282,39.0,0.46153846153846156,152
818,Sun,0.21888739968292678,41.0,0.4878048780487805,152
819,Eclipse,0.25543771846153845,26.0,0.38461538461538464,145
820,Vulcan,0.10223265075213674,117.0,0.46153846153846156,156
821,Promisq,0.10290432195652174,23.0,0.43478260869565216,4
822,Jactroll,0.10196886732727273,110.0,0.509090909090909,8
823,Kold,0.1670798532682926,82.0,0.4268292682926829,1
824,Targamas,0.10577606455555556,18.0,0.3888888888888889,153
825,Boris,0.12097050200000001,2.0,0.5,52
826,kaSing,0.10134471625609752,82.0,0.45121951219512196,185
827,Deftly,0.25725784488732395,71.0,0.36619718309859156,30
828,AnDa,0.1772591979863014,73.0,0.4246575342465753,154
829,WILDTURTLE,0.26927057975609753,41.0,0.3902439024390244,82
830,huhi,0.21276979544067792,59.0,0.3728813559322034,157
831,Hana,0.16546389723232321,99.0,0.5656565656565656,55
832,Lilv,0.26927774863398707,153.0,0.5751633986928104,55
833,Ysera,0.09834905520382167,157.0,0.49044585987261147,21
834,Kongyue,0.18609679269600002,125.0,0.528,158
835,Lactea,0.2631457342,10.0,0.3,162
836,Cabu,0.10482272027906978,43.0,0.5348837209302325,175
837,Viking,0.15808648066666667,9.0,0.2222222222222222,108
838,J1mmy,0.2543348328571428,28.0,0.10714285714285714,108
839,CoCo,0.23162094487500004,24.0,0.5,144
840,Panky,0.21355941659210523,76.0,0.42105263157894735,109
841,Aiming,0.2734339082926829,123.0,0.5203252032520326,12
842,U Jun,0.148389061875,8.0,0.0,17
843,Winter,0.09678618637499999,16.0,0.3125,145
844,Hanabi,0.22532070062025317,158.0,0.6329113924050633,20
845,Moojin,0.17801850298888885,90.0,0.8111111111111111,177
846,CooN,0.23562732575,8.0,0.25,168
847,Dalka,0.26648729680645156,31.0,0.25806451612903225,168
848,PK,0.21238821065269456,167.0,0.5269461077844312,169
849,Bono,0.15700025086666666,15.0,0.13333333333333333,74
850,baybay,0.16720247149090908,55.0,0.5636363636363636,169
851,Blossom,0.1694550911304348,23.0,0.5217391304347826,11
852,Ace,0.25411800175,12.0,0.3333333333333333,130
853,styllEE,0.15439386333333335,3.0,0.0,108
854,Steal,0.1986736364615385,26.0,0.34615384615384615,181
855,Neo,0.1804751389,10.0,0.0,108
856,CaiPi,0.2570865820434783,23.0,0.2608695652173913,168
857,ShiauC,0.10343292243820225,89.0,0.5056179775280899,20
858,Swing,0.24091247316666667,6.0,0.0,108
859,Ucal,0.23055760892810445,153.0,0.5620915032679739,12
860,Wuji,0.23259131633333335,60.0,0.5666666666666667,169
861,BocaJR,0.10842112625,4.0,0.0,87
862,Lynkez,0.24031333480000003,10.0,0.3,87
863,TRY,0.24505375225,12.0,0.25,109
864,PieCakeLord,0.23653910599999997,21.0,0.3333333333333333,147
865,Prb,0.153022848,1.0,1.0,162
866,Nova,0.10715475921428572,84.0,0.27380952380952384,15
867,PapaChau,0.10233710074999998,12.0,0.5,151
868,Chosenn,0.1722260801666667,6.0,0.16666666666666666,108
869,MGX,0.2618734562,5.0,0.2,108
870,Ozgur,0.1066447735,6.0,0.16666666666666666,108
871,Fiseyin,0.174159827,1.0,0.0,108
872,Lodik,0.26199634233333335,18.0,0.5,138
873,Nate,0.22213047449999998,10.0,0.2,140
874,Rockky,0.23354707199999997,20.0,0.25,197
875,Intreso,0.19254552133333333,6.0,0.3333333333333333,171
876,G4,0.22634529289999997,20.0,0.25,197
877,Lloyd,0.2242338331,20.0,0.25,197
878,Rich,0.1338385903333333,15.0,0.26666666666666666,178
879,Triple,0.2337652643333333,15.0,0.3333333333333333,208
880,Cupcake,0.1159183793,10.0,0.3,131
881,Paz,0.23258383433333338,6.0,0.16666666666666666,172
882,Once,0.16771180316666667,6.0,0.16666666666666666,172
883,Gaeng,0.12182270125000001,16.0,0.375,181
884,YiJin,0.1949359832142857,14.0,0.35714285714285715,173
885,Warzone,0.2326453442142857,14.0,0.35714285714285715,173
886,RonOP,0.08608307042857141,14.0,0.35714285714285715,173
887,promisq,0.0876792093,20.0,0.1,4
888,TitaN,0.2576721155833333,48.0,0.5208333333333334,161
889,Vert,0.24318485140000004,10.0,0.5,87
890,Fitz,0.23451734991044784,67.0,0.44776119402985076,202
891,Carioca,0.170122911,1.0,1.0,175
892,Anyyy,0.23999010810447763,67.0,0.44776119402985076,202
893,Cariok,0.17277070638095232,21.0,0.38095238095238093,175
894,Aries,0.25776930940000004,5.0,0.2,187
895,Yondu,0.16041009665853656,41.0,0.2682926829268293,54
896,Sword,0.21996788784090912,132.0,0.6742424242424242,176
897,Tarzan,0.1678694791225807,155.0,0.6645161290322581,176
898,Rather,0.2335155440722893,83.0,0.4939759036144578,20
899,Viper,0.2632591430064516,155.0,0.6645161290322581,176
900,Lehends,0.1095596631870968,155.0,0.6645161290322581,176
901,Chovy,0.23772400351700673,147.0,0.6666666666666666,176
902,Motive,0.09895797262499999,8.0,0.25,54
903,Attila,0.26612854382051293,78.0,0.5128205128205128,8
904,V1per,0.2354131250285714,70.0,0.45714285714285713,82
905,Insanity,0.23192406104761906,21.0,0.6190476190476191,58
906,NintendudeX,0.19142579029411766,17.0,0.17647058823529413,151
907,Yusui,0.2562299239523809,21.0,0.19047619047619047,36
908,Blaber,0.1899235531951219,41.0,0.7317073170731707,30
909,Fanatiik,0.16331799800000002,17.0,0.29411764705882354,145
910,Benji,0.26035579388888885,18.0,0.2222222222222222,149
911,BIG,0.08749171299999998,18.0,0.5,155
912,Kwon,0.09941729299999998,27.0,0.48148148148148145,146
913,Route,0.28266208869047615,84.0,0.10714285714285714,15
914,Kairos,0.08173880422222222,9.0,0.1111111111111111,109
915,Ragner,0.21098500832258066,31.0,0.3548387096774194,180
916,Stefan,0.18881262829032258,31.0,0.3548387096774194,180
917,Milica,0.24251588287096773,31.0,0.3548387096774194,180
918,Hades,0.2490809294054054,37.0,0.40540540540540543,76
919,telracS,0.2571966046060606,33.0,0.5151515151515151,130
920,Innaxe,0.24539127679069764,43.0,0.4883720930232558,7
921,Leo,0.24617213033333332,3.0,0.3333333333333333,11
922,Mong,0.229583252,1.0,0.0,178
923,Moonblack,0.2368628635686275,51.0,0.19607843137254902,192
924,Art,0.26316962673333333,15.0,0.26666666666666666,168
925,erssu,0.23211235054761903,42.0,0.5,83
926,cyeol,0.23788321940476198,42.0,0.5,83
927,Damage,0.12358106963999997,50.0,0.46,202
928,Butter,0.16859763000000003,6.0,0.3333333333333333,168
929,PingPong,0.25412032086666664,15.0,0.3333333333333333,168
930,Rainbow,0.2298912143731343,67.0,0.43283582089552236,21
931,Berentt,0.197153622375,8.0,0.5,109
932,Humanoid,0.24744704480188678,106.0,0.5566037735849056,6
933,Bugi,0.17278342039999994,90.0,0.5,20
934,Kingen,0.2386159730789473,38.0,0.4473684210526316,13
935,Brook,0.21426205742857146,7.0,0.2857142857142857,12
936,Clever,0.251053746,1.0,0.0,177
937,Asper,0.113118443,1.0,0.0,177
938,Mabrey,0.09747571250000002,8.0,0.25,151
939,WaenA,0.20979909,1.0,0.0,76
940,Snitch,0.223145387,1.0,0.0,109
941,Mills,0.2343380092272728,44.0,0.5681818181818182,38
942,Spica,0.190466909875,16.0,0.3125,28
943,Cake,0.2024951428,5.0,0.2,151
944,Hy0g4,0.192172475625,8.0,0.375,202
945,Bydeki,0.2272655675,2.0,0.0,41
946,Maynah,0.105606355,2.0,0.5,89
947,Pbd,0.09933876024999999,4.0,0.5,130
948,Savage,0.19028737180000002,5.0,0.4,144
949,Kino,0.09140733376470588,17.0,0.35294117647058826,21
950,Pilter,0.16294537533333334,3.0,0.3333333333333333,180
951,Secaf Reis,0.08656787,1.0,1.0,104
952,PVPStejos,0.20901051844444446,9.0,0.4444444444444444,138
953,Ceros,0.206561726,18.0,0.3888888888888889,181
954,Yutapon,0.27341288427777777,18.0,0.3888888888888889,181
955,viviD,0.09820108450000001,8.0,0.25,181
956,ray,0.21373046123529416,17.0,0.6470588235294118,179
957,iBOY,0.2714286302941176,17.0,0.6470588235294118,179
958,Relic,0.199545779375,8.0,0.375,182
959,SolidSnake,0.182002511375,8.0,0.375,182
960,Cotopaco,0.23165597824999998,8.0,0.375,182
961,Renyu,0.27626956425,8.0,0.375,182
962,Arce,0.11052616700000001,8.0,0.375,182
963,BioPanther,0.21295979124999997,4.0,0.25,131
964,UDYSOF,0.1633239815,2.0,0.5,131
965,Niksar,0.22322438074999998,4.0,0.0,171
966,Haro,0.1770978399090909,11.0,0.5454545454545454,179
967,Zeros,0.23589335743243245,37.0,0.35135135135135137,211
968,Meliodas,0.17423106807692312,26.0,0.4230769230769231,183
969,Ning,0.1792639144883721,43.0,0.6976744186046512,98
970,RooKie,0.22388179030434777,46.0,0.6956521739130435,98
971,JackeyLove,0.2709484599347826,46.0,0.6956521739130435,98
972,Baolan,0.09673783917391306,46.0,0.6956521739130435,98
973,TheShy,0.23171110468292674,41.0,0.7073170731707317,98
974,XuHao,0.1754839944,5.0,0.2,183
975,Nemesis,0.2414323442876713,73.0,0.6438356164383562,0
976,Selfmade,0.17034265569047619,42.0,0.42857142857142855,184
977,Crownshot,0.28672809388095233,42.0,0.42857142857142855,184
978,Exile,0.215551120375,8.0,0.25,185
979,Jeskla,0.2556315216875,32.0,0.28125,185
980,Patrik,0.2684965818823529,51.0,0.47058823529411764,1
981,Clid,0.169948540476923,130.0,0.7,11
982,CheonGo,0.21693045836842106,19.0,0.05263157894736842,15
983,Kellin,0.09351184620754716,53.0,0.05660377358490566,15
984,Nuguri,0.2501759140576923,104.0,0.625,187
985,Canyon,0.15957248512621358,103.0,0.6019417475728155,187
986,ShowMaker,0.23245090962711876,118.0,0.6016949152542372,187
987,Hoit,0.11419991187096777,31.0,0.5161290322580645,187
988,Life,0.10740438257954547,88.0,0.45454545454545453,178
989,Zenit,0.25873166273076925,26.0,0.34615384615384615,13
990,bonO,0.15061106023999998,75.0,0.44,177
991,key,0.10673307509638555,83.0,0.42168674698795183,177
992,Summit,0.23168290599999997,98.0,0.5816326530612245,188
993,OnFleek,0.17555275954081634,98.0,0.5816326530612245,188
994,Dove,0.22427153597979785,99.0,0.5757575757575758,188
995,Joker,0.11124884752525252,99.0,0.5757575757575758,188
996,Dread,0.17008328966666666,90.0,0.4666666666666667,12
997,Jelly,0.10175885368181818,22.0,0.3181818181818182,12
998,Gango,0.2653844987500001,16.0,0.25,13
999,Proud,0.11142148185714286,7.0,0.2857142857142857,12
1000,Luci,0.11238526539999996,60.0,0.7833333333333333,201
1001,Klaus,0.260401598,4.0,0.0,160
1002,LeChase,0.17455043925641026,39.0,0.46153846153846156,202
1003,Alternative,0.25440017364444445,45.0,0.4666666666666667,202
1004,fNb,0.2426311280952381,21.0,0.09523809523809523,87
1005,Lima,0.15541379046666667,15.0,0.06666666666666667,87
1006,Lynkotiko,0.2293907329,20.0,0.1,87
1007,Nyu,0.2125795957674419,43.0,0.46511627906976744,204
1008,WHITELOTUS,0.26705951228571434,7.0,0.2857142857142857,89
1009,Duclou,0.2137903040666667,45.0,0.37777777777777777,203
1010,Aslan,0.2433134438888889,45.0,0.37777777777777777,203
1011,Hawk,0.12295741882051278,39.0,0.41025641025641024,203
1012,Leozuxo,0.1599840065,6.0,0.16666666666666666,87
1013,Atlen,0.267338582,2.0,0.0,169
1014,Leaky,0.2260305979661017,59.0,0.3220338983050847,191
1015,WSY,0.17826034996078435,51.0,0.3333333333333333,191
1016,Caipi,0.20792247165454544,55.0,0.34545454545454546,191
1017,DDC,0.21329778033333335,3.0,0.3333333333333333,191
1018,2188,0.23438808824242421,33.0,0.21212121212121213,192
1019,JGY,0.18768942927272728,33.0,0.21212121212121213,192
1020,Xiaobo,0.21232756075,8.0,0.375,192
1021,YuLun,0.23446420222222222,9.0,0.2222222222222222,192
1022,pasa,0.11170395687878787,33.0,0.21212121212121213,192
1023,Gengar,0.12921201,2.0,0.5,191
1024,Error,0.22626582400000003,5.0,0.2,83
1025,Asta,0.25935653049999996,4.0,0.5,155
1026,Lira,0.17357817228947373,76.0,0.47368421052631576,156
1027,MnM,0.25414430065217386,23.0,0.4782608695652174,83
1028,Bruce,0.2792137574084508,71.0,0.4647887323943662,169
1029,Yoon,0.11529398626760565,71.0,0.4507042253521127,169
1030,Xiaoemo,0.2879891447636363,55.0,0.32727272727272727,191
1031,Special,0.23636841824999996,12.0,0.25,185
1032,Finn,0.21499512736842108,19.0,0.47368421052631576,186
1033,Orome,0.228493531,1.0,1.0,6
1034,BeryL,0.10421174634482758,87.0,0.632183908045977,187
1035,SSUN,0.20332309164285717,14.0,0.42857142857142855,12
1036,Senan,0.09183820443548388,62.0,0.5,12
1037,Kiwi,0.14534287075,4.0,0.25,191
1038,Garo,0.25088498400000003,4.0,0.0,87
1039,Saken,0.24733678,2.0,0.5,8
1040,Panda,0.14866869516666667,6.0,0.16666666666666666,36
1041,TaNa,0.23920585816666667,18.0,0.0,15
1042,Seize,0.154445005,19.0,0.15789473684210525,15
1043,Mystiques,0.11025999011111112,18.0,0.3333333333333333,185
1044,Soligo,0.22637731850000004,10.0,0.0,154
1045,Lynx,0.21532850333333334,3.0,0.3333333333333333,89
1046,Enso,0.15212806209523808,21.0,0.47619047619047616,20
1047,FakeGod,0.21502679217647055,17.0,0.47058823529411764,154
1048,Fragas,0.140135926,2.0,0.0,154
1049,Kumo,0.22322321679999999,5.0,0.8,30
1050,Diamond,0.138266091,1.0,1.0,30
1051,Maxi,0.160908819,1.0,1.0,82
1052,Hauz,0.186866462,2.0,0.5,89
1053,Caos,0.17877763233333333,3.0,0.3333333333333333,160
1054,Days4fun,0.17481863875,4.0,0.25,190
1055,Sephis,0.22222958,1.0,0.0,89
1056,Wizer,0.2376908110769231,26.0,0.6538461538461539,199
1057,BalKhan,0.1708551686666667,6.0,0.3333333333333333,196
1058,ry0ma,0.21767204399999998,6.0,0.3333333333333333,196
1059,FBI,0.26675158129411763,17.0,0.35294117647058826,157
1060,Rogue,0.11013030633333333,6.0,0.3333333333333333,196
1061,Bolulu,0.2224817635714286,7.0,0.5714285714285714,76
1062,Buggax,0.23911156235714287,14.0,0.35714285714285715,136
1063,Warangelus,0.27132648435714285,14.0,0.35714285714285715,136
1064,Jjun,0.1772006408333333,6.0,0.3333333333333333,197
1065,PoP,0.1060738639,10.0,0.3,197
1066,BOSS,0.21989762355999998,25.0,0.48,7
1067,AHaHaCiK,0.17553056699999994,25.0,0.48,7
1068,Nomanz,0.26877494579999994,25.0,0.48,7
1069,Gadget,0.2210134292666667,15.0,0.5333333333333333,198
1070,klowny,0.21549240758333335,12.0,0.4166666666666667,200
1071,Takeshi,0.2275197655,20.0,0.3,200
1072,JoJo,0.09424951719047618,21.0,0.2857142857142857,200
1073,sangyoon,0.2808931019047619,42.0,0.35714285714285715,177
1074,Inspired,0.17124337484000002,25.0,0.44,186
1075,Gorilla,0.093306949125,8.0,0.25,48
1076,Sacre,0.22417366194736837,19.0,0.3684210526315789,184
1077,Mewkyo,0.18072107833333337,3.0,0.3333333333333333,203
1078,Ryuzaki,0.1669736120714286,14.0,0.2857142857142857,200
1079,Freire,0.19016338819999998,10.0,0.4,203
1080,Krastymel,0.23453249826315786,19.0,0.3684210526315789,204
1081,Whitelotus,0.270091754,21.0,0.3333333333333333,204
1082,Vahvel,0.08260079466666666,6.0,0.16666666666666666,203
1083,Disave,0.24171325066666668,3.0,0.6666666666666666,199
1084,MoonBlack,0.173346089,2.0,0.0,191
1085,Gori,0.24580626,1.0,0.0,11
1086,LIDER,0.2503676691666667,12.0,0.3333333333333333,48
1087,Mental,0.180595044625,8.0,0.25,203
1088,Glowcore,0.23464340900000002,4.0,0.25,204
1089,Doran,0.23292385247826083,23.0,0.6086956521739131,176
1090,Dan Dan,0.2349925662,10.0,0.4,48
1091,H1IVA,0.09619272575,8.0,0.5,48
1092,Riva,0.25089351800000004,2.0,0.0,204
1093,Gyu,0.2642761496666666,3.0,0.0,191
1094,Jenax,0.24374856228571432,7.0,0.5714285714285714,184
1095,Bush,0.22075376875000002,8.0,0.5,20
1096,HuSha,0.150165798,3.0,0.3333333333333333,21
1097,Codpiece,0.084984472,1.0,0.0,204
1098,Doss,0.0886499365,2.0,0.0,48
1099,Zanzarah,0.1379164958,5.0,0.4,1
1100,Fudge,0.2070612402,5.0,0.4,208
1101,Babip,0.15286583039999999,5.0,0.4,208
1102,Cyeol,0.21033582237499998,8.0,0.25,209
1103,DeuL,0.28554028975,4.0,0.25,197
1104,Hani,0.20692426449999998,8.0,0.375,210
1105,DNK,0.1578316655,8.0,0.375,210
1106,Artifact,0.2619571104999999,8.0,0.375,210
1107,Celebrity,0.272946517125,8.0,0.375,210
1108,Langx,0.22441196266666666,6.0,0.5,69
1109,Leyan,0.17032937033333337,3.0,0.6666666666666666,98
1110,GimGoon,0.19473343355555559,18.0,0.7777777777777778,165
1111,Tian,0.18494424883333332,18.0,0.7777777777777778,165
1112,Doinb,0.23457241733333337,18.0,0.7777777777777778,165
1113,Lwx,0.2732457015,18.0,0.7777777777777778,165
1114,Crisp,0.1125041988888889,18.0,0.7777777777777778,165
1115,Kiaya,0.24137947733333334,6.0,0.16666666666666666,211
1116,Zin,0.2189344051666667,6.0,0.16666666666666666,211
1117,Hieu3,0.08831917,1.0,0.0,211
